asset,mean_return_annual,std_dev_annual,sharpe_ratio,observations
stocks,0.1052089603129864,0.17890131977392199,0.5880837572687514,2515
bonds,0.005885217772706638,0.06723294325307395,0.08753473353909076,2515
gold,0.07986286272356234,0.14687383512710572,0.5437514629780615,2512
cash,0.4914194596945223,3.833691476507165,0.12818440469347556,2512
